|NAME: LUSAKA CITY COUNCIL|||||||||||
|2026  PERFORMANCE REPORT|||Period: 01-Jan-2026 to 30-Jun-2026||||||||
|REVENUE SOURCES|||||||||||
|#|Receipts|Budget|Actual|Varinace|Performance||||||
||||as at 30-Jun- 2026||||||||
|||a|b|c=a-b|b/a||||||
|||ZMW|ZMW|ZMW|%||||||
|1|National Support||||||||||
||1.1 Local Government Equalisation Fund|32400000|0|32400000|0||||||
||1.2 Grants In Lieu of Rates|2000000|0|2000000|0||||||
||1.3 Sector Grants|33486606|3022899|30463707|0.09027188363012961||||||
||1.4 ZDSP Capital Grants|0|0|0|0||||||
||1.5 Constituency Development Fund|280227849|94769234|185458615|0.3381863520638165||||||
||1.6 Other Grants|59563160|70072789|-10509629|1.1764451214475524||||||
||Sub - total|407677615|167864922|239812693|0.41175898755196555||||||
|2|Own Source Revenue||||||||||
||2.1 Local Taxes|430562099|113685851.17999998|316876247.82000005|0.26404054477632966||||||
||2.2 Fee & Charges|113446369|58118960|55327409|0.5123033950958801||||||
||2.3 Licences|6495717|3474059|3021658|0.534823022616287||||||
||2.4 Levies|65727602|27261879|38465723|0.41477063167465017||||||
||2.5 Permits|93423792|43734213|49689579|0.4681271447427439||||||
||2.6 Commercial ventures|16606500|3000000|13606500|0.18065215427693976||||||
||2.7 Others OSR|18055000|2483963|15571037|0.1375775685405705||||||
||Sub - total|744317079|251758925.17999998|492558153.82000005|0.33824149987024543||||||
|3|Other revenue||||||||||
||4.1 Bank interest received|0|0|0|0||||||
||4.2 Borrowings - Loans|0|0|0|0||||||
||4.2 Borrowings - Overdraft|0|0|0|0||||||
||4.3 Others|0|0|0|0||||||
||Sub - total|0|0|0|0||||||
|Total||1151994694|419623847.17999995|732370846.82|0.36425848952738316||||||
|PAYMENTS |||||||||||
|#|Expenditure|Budget|Actual|Varinace|Performance||||||
||||as at 30-Jun- 2026||||||||
|||a|b|c=a-b|b/a||||||
|||ZMW|ZMW|ZMW|%||||||
|1|Personal emoluments|308215045|163308295.01000002|144906749.98999998|0.5298517955539777||||||
|2|Use of goods and services|308441876|59610341.61|248831534.39|0.19326280329717616||||||
|3|Financial charges|0|0|0|0||||||
|4|Social benefits|123936977|59410765.01999999|64526211.98000001|0.47936270883870263||||||
|5|Non-financial assets|332565437|61032984.22|271532452.78|0.18352172964985533||||||
|6|Financial assets|29636525|227855|29408670|0.007688317034470134||||||
|7|Loan repayments|0|0|0|0||||||
|8|Other repayments|49198834|30956339.31|18242494.69|0.6292088001516458||||||
|Total payments||1151994694|374546580.17|777448113.83|0.32512873724225677||||||
|Net Budget Performance||0|45077267.00999993|0|||||||
||DEBT and ARREARS||||||||||
||Narration|OUTSTANDING AMOUNTS|OUTSTANDING AMOUNTS||||||||
|||2026-01-01 00:00:00|2026-06-30 00:00:00||||||||
|||ZMW|ZMW||||||||
|| PE'S |43115587|36366697||||||||
|| ZAMTEL |665782|665782||||||||
|| ZESCO |8556627|8556627||||||||
|| WATER  |8272063|8394665||||||||
||LEGAL COSTS|1417085|622027||||||||
||NAPSA ARREARS|491519925|491530235||||||||
||NAPSA ARREARS - PENALTIES|0|0||||||||
||LASF ARREARS|43637735|38934225||||||||
||LASF ARREARS - PENALTIES|0|0||||||||
||OTHER PENSION ARREARS |0|0||||||||
||OTHER PENSIONS ARREARS - PENALTIES |0|0||||||||
|| ZRA PAYE |242201985|254867369||||||||
|| ZRA - PENALTIES |0|0||||||||
|| GOODS & SERVICES |9280120|11713946||||||||
|| CAPITAL |7129828|20556029.99700002||||||||
||Total|855796737|872207602.997||||||||
||PERFORMANCE REVIEW BY PROGRAMME||||||||||
||PROGRAMME / KEY OUTPUT / INDICATOR|ANNUAL BUDGET (ZMW)|TARGET 2026|ACTUAL EXP. AS AT REPORT DATE (ZMW)|ACTUAL 2026 (OUTPUT)|VARIANCE||PERCENTAGE|||
||Constituency Development|280227849||74809937.83||-205417911.17000002|||||
||Key Output / Output Indicator|Annual Budget|Target 2026|Actual Expenditure (n/a by indicator)|Actual 2026|Annual Budget|Actual Output 2026|Performance|||
||Road & Drainage Infrastructure Improved||||||||||
||    Kilometres of township roads paved||15||0|0|-15|0|||
||    Kilometres of drainage systems constructed||2||0|0|-2|0|||
||Education Infrastructure Improved||||||||||
||    Number of classroom blocks constructed||6||1|0|-5|0.16666666666666666|||
||    Number of School ablution blocks constructed||4||1|0|-3|0.25|||
||Health Infrastructure Developed||||||||||
||    Number of Out-Patient Departments constructed||1||0|0|-1|0|||
||    Number of maternity wings / annexes constructed||2||0|0|-2|0|||
||    Number of hospital shelters constructed||1||0|0|-1|0|||
||Security Infrastructure Improved||||||||||
||    Number of police posts constructed||4||0|0|-4|0|||
||    Number of police stations constructed||1||0|0|-1|0|||
||Water Infrastructure Improved||||||||||
||    Number of boreholes drilled||9||0|0|-9|0|||
||    Number of water reticulation systems installed||1||0|0|-1|0|||
||Public Lighting and Energy Access Improved||||||||||
||    Number of solar streetlights installed||100||90|0|-10|0.9|||
||    Number of facilities powered by solar systems||5||0|0|-5|0|||
||Empowerment Loans and Grants Disbursed||||||||||
||    Number of grants disbursed||700||563|0|-137|0.8042857142857143|||
||    Number of loans disbursed||381||0|0|-381|0|||
||CDF Programme Governance and Oversight Strengthened||||||||||
||    Number of CDF projects monitored||97||24|0|-73|0.24742268041237114|||
||Secondary School and Skills Development Bursaries Disbursed||||||||||
||    Number of skills development bursaries scholarships awarded||5000||4847|0|-153|0.9694|||
||    Number of secondary school bursaries scholarships awarded||600||721|0|121|1.2016666666666667|||
||Local Governance|28813631||8691555.67||-20122075.33|||||
||Key Output / Output Indicator|Annual Budget|Target 2026|Actual Expenditure (n/a by indicator)|Actual 2026|Actual 2026|Actual 2026|Actual 2026|||
||Ward Development Committee Operationalised||||||||||
||    Number of ward development committees operationalised||38||0|0|-38|0|||
||    Number of Ward Development Committees trained||38||0|0|-38|0|||
||Ward Development Committee Elections Conducted||||||||||
||    Number of Ward Development Committee elections conducted||38||0|0|-38|0|||
||Policies Formulated and Coordinated||||||||||
||    Number of policies formulated||2||0|0|-2|0|||
||Legislative Oversight Strengthened||||||||||
||    Percentage of council resolutions implemented||100%||100%|0|0|1|||
||Council Resolutions Implemented||||||||||
||    Number of full council meetings held||4||1|0|-3|0.25|||
||    Number of Special Full Council meetings held||2||1|0|-1|0.5|||
||By-laws Reviewed & Updated||||||||||
||    Number of by-laws reviewed & updated||2||1|0|-1|0.5|||
||Ward Development Fund Projects Implemented||||||||||
||    Number of ward development fund projects completed||38||14|0|-24|0.3684210526315789|||
||Civic Education Campaigns Implemented||||||||||
||    Number of campaigns conducted||38||0|0|-38|0|||
||Integrated Development Planning|33835152||8385524.57||-25449627.43|||||
||Key Output / Output Indicator|Annual Budget|Target 2026|Actual Expenditure (n/a by indicator)|Actual 2026|Actual 2026|Actual 2026|Actual 2026|||
||Development Control on Permanent and Temporal Structures Conducted||||||||||
||    Number of processed building plans approved||1440||565|0|-875|0.3923611111111111|||
||    Number of illegal structures demolished||25||6|0|-19|0.24|||
||Outdoor Advertisement and Planning Permissions Processed||||||||||
||    Number of billboard applications processed||60||38|0|-22|0.6333333333333333|||
||Land Survey and Mappings Conducted||||||||||
||    Number of land boundary disputes applications processed||100||65|0|-35|0.65|||
||    Number of beacon identifications conducted||100||65|0|-35|0.65|||
||    Number of maps and survey diagrams prepared||100||80|0|-20|0.8|||
||Local Area Plans Formulated||||||||||
||    Number of Local Area Plans formulated||1||0|0|-1|0|||
||Citizen Sensitisation on IDP Conducted||||||||||
||    Number of Community Sensitisation Events conducted||76||11|0|-65|0.14473684210526316|||
||Stakeholder Engagement Conducted||||||||||
||    Number of Stakeholder Meetings held||16||5|0|-11|0.3125|||
||Community AIDS Task Forces (CATFs) Formed||||||||||
||    Number of CATFs formed||38||||||||
||Tree Planting Conducted||||||||||
||    Number of trees planted||5000||1472|0|-3528|0.2944|||
||Environmental Policy Formulated||||||||||
||    Number of environmental policy formulated||1||0|0|-1|0|||
||Environmental Compliance Audits Conducted||||||||||
||    Number of industries inspected||576||40|0|-536|0.06944444444444445|||
||Environmental Awareness Conducted||||||||||
||    Number of Awareness Campaigns conducted||48||15|0|-33|0.3125|||
||Economic and Business Development|49870563||25157751.54||-24712811.46|||||
||Key Output / Output Indicator|Annual Budget|Target 2026|Actual Expenditure (n/a by indicator)|Actual 2026|Actual 2026|Actual 2026|Actual 2026|||
||Business Registration and Compliance Enhanced||||||||||
||    Number of sensitization meetings conducted||7||0|0|-7|0|||
||Investment Promotion Strengthened||||||||||
||    Number of investment promotion exhibitions held||2||1|0|-1|0.5|||
||    Percentage of investment inquiries facilitated||100%||0|0|-1|0|||
||    Number of investment feasibility studies conducted||1||0|0|-1|0|||
||District Investment Feasibility Studies Conducted||||||||||
||    Number of district investment feasibility studies conducted||1||0|0|-1|0|||
||Public Health and Environmental Protection|73580959||16260095.61||-57320863.39|||||
||Key Output / Output Indicator|Annual Budget|Target 2026|Actual Expenditure (n/a by indicator)|Actual 2026|Actual 2026|Actual 2026|Actual 2026|||
||Public Health and Sanitation Operations Conducted||||||||||
||    Number of Keep Lusaka Clean operations conducted||364||228|0|-136|0.6263736263736264|||
||    Number of Health permits issued||13000||8400|0|-4600|0.6461538461538462|||
||    Number of public health inspections undertaken||15000||4000|0|-11000|0.26666666666666666|||
||Safe Burial and Death Management Services Provided||||||||||
||    Percentage of unclaimed bodies buried||100%||100%|0|0|1|||
||    Number of burial services conducted||3498||1899|0|-1599|0.5428816466552315|||
||    Number of deaths registered||17717||8792|0|-8925|0.49624654286843145|||
||Food and Water Safety Assured||||||||||
||    Percentage of water samples tested||100%||50%|0|-0.5|0.5|||
||    Percentage of food samples tested||100%||50%|0|-0.5|0.5|||
||    Percentage of carcasses inspected||100%||50%|0|-0.5|0.5|||
||Pest and Animal Control Services Provided||||||||||
||    Number of mosquito hot spots larvicided||7||4|0|-3|0.5714285714285714|||
||    Number of dogs registered||100||486|0|386|4.86|||
||    Number of dogs tagged||100||200|0|100|2|||
||    Number of premises baited/sprayed||265||2633|0|2368|9.935849056603773|||
||Housing and Community Amenities|146923352||28806873.18||-118116478.82|||||
||Key Output / Output Indicator|Annual Budget|Target 2026|Actual Expenditure (n/a by indicator)|Actual 2026|Actual 2026|Actual 2026|Actual 2026|||
||Urban Green Spaces Developed & Maintained||||||||||
||    Number of play parks developed||1||0|0|-1|0|||
||    Number of tree trimming and debris removal exercises conducted||168||84|0|-84|0.5|||
||Market Services & Sanitation Improved||||||||||
||    Number of market stands registered||695||396|0|-299|0.5697841726618705|||
||    Number of market shops registered||215||46|0|-169|0.21395348837209302|||
||    Number of occupancy permits renewed||7000||4200|0|-2800|0.6|||
||    Number of food systems trainings conducted||4||2|0|-2|0.5|||
||Local Authority Infrastructure Constructed||||||||||
||    Number of Community Halls rehabilitated||8||2|0|-6|0.25|||
||    Number of Community Schools rehabilitated||2||1|0|-1|0.5|||
||    Number of Pre-Schools rehabilitated||2||1|0|-1|0.5|||
||    Number of Classroom Blocks constructed||2||1|0|-1|0.5|||
||    Number of School Ablution Blocks constructed||2||1|0|-1|0.5|||
||    Number of Mini Civic Centres completed||3||2|0|-1|0.6666666666666666|||
||Security of Tenure Strengthened||||||||||
||    Number of properties numbered||7000||3585|0|-3415|0.5121428571428571|||
||    Number of households registered||5500||2239|0|-3261|0.4070909090909091|||
||    Number of Occupancy licence documents processed||70||45|0|-25|0.6428571428571429|||
||    Number of communities sensitized||8||5|0|-3|0.625|||
||Road Infrastructure Developed and Maintained||||||||||
||    Kilometers of roads marked||50||6|0|-44|0.12|||
||    Kilometers of drainage constructed||10||1|0|-9|0.1|||
||    Kilometers of Township roads rehabilitated||30||15|0|-15|0.5|||
||    Kilometers of potholes patched||20||10|0|-10|0.5|||
||Road Safety and Traffic Management Improved||||||||||
||    Number of Speed Humps installed||30||25|0|-5|0.8333333333333334|||
||    Number of Road Signs installed||60||96|0|36|1.6|||
||Non-Motorized Transport (NMT) Infrastructure Development and Maintenance Enhanced||||||||||
||    Kilometers of pedestrian walkways constructed||1||0|0|-1|0|||
||    Kilometers of pedestrian walkways maintained||1||0|0|-1|0|||
||    Kilometers of cycle lanes constructed||2||0|0|-2|0|||
||Street Lighting and Traffic Control Systems Improved||||||||||
||    Number of Street lighting poles erected||100||26|0|-74|0.26|||
||    Number of traffic lights junctions maintained||5||1|0|-4|0.2|||
||Recreation Culture and Religion|12177783||3214260||-8963523|||||
||Key Output / Output Indicator|Annual Budget|Target 2026|Actual Expenditure (n/a by indicator)|Actual 2026|Actual 2026|Actual 2026|Actual 2026|||
||Library & Information Services Enhanced||||||||||
||    Number of Library Facilities upgraded||1||0|0|-1|0|||
||Sports, Arts & Cultural Development Promoted||||||||||
||    Number of sports facilities rehabilitated||2||1|0|-1|0.5|||
||    Number of talent identification and development activities conducted||2||3|0|1|1.5|||
||    Number of sports clubs sponsored||4||4|0|0|1|||
||Education and Skills Development|34141037||13422499.49||-20718537.509999998|||||
||Key Output / Output Indicator|Annual Budget|Target 2026|Actual Expenditure (n/a by indicator)|Actual 2026|Actual 2026|Actual 2026|Actual 2026|||
||District Records Management Strengthened||||||||||
||    Number of survey reports produced||2||0|0|-2|0|||
||    Percentage of records collected||100%||100%|0|0|1|||
||    Percentage of processed records shelved||100%||100%|0|0|1|||
||Quality Early Childhood Education Services Expanded||||||||||
||    Number of play spaces established||9||1|0|-8|0.1111111111111111|||
||    Number of orphans and vulnerable pupils provided pre-school education||200||886|0|686|4.43|||
||    Number of pre-school children enrolled||200||886|0|686|4.43|||
||    Number of learning kits & materials provided||1200||900|0|-300|0.75|||
||Public Order and Safety|88706940||35231257.27||-53475682.73|||||
||Key Output / Output Indicator|Annual Budget|Target 2026|Actual Expenditure (n/a by indicator)|Actual 2026|Actual 2026|Actual 2026|Actual 2026|||
||Community Safety and Security Enhanced||||||||||
||    Number of compliance patrols undertaken||365||172|0|-193|0.4712328767123288|||
||    Number of Council Properties secured||74||74|0|0|1|||
||Fire Safety and Emergency Response Strengthened||||||||||
||    Percentage of emergency calls within 20-30 KM radius responded||100%||100%|0|0|1|||
||    Percentage of causes of fires determined||100%||100%|0|0|1|||
||    Number of fire certificates issued||46000||12149|0|-33851|0.26410869565217393|||
||Management and Support Services|244658282||82078538.59||-162579743.41|||||
||Key Output / Output Indicator|Annual Budget|Target 2026|Actual Expenditure (n/a by indicator)|Actual 2026|Actual 2026|Actual 2026|Actual 2026|||
||Change Management Strategy Executed||||||||||
||    Percentage of municipal services accessed via digital platforms||70%||60%|0|-0.09999999999999998|0.8571428571428572|||
||    Percentage of citizen engagements through digital platforms conducted||50%||0|0|-0.5|0|||
||    Percentage increase in digital revenue collection||70%||0|0|-0.7|0|||
||Human Resource Management Strengthened||||||||||
||    Number of Council Police Officers recruited||70||100|0|30|1.4285714285714286|||
||    Number of Human resource reports prepared||12||3|0|-9|0.25|||
||Marriages Solemnized||||||||||
||    Percentage of marriages solemnized||100%||75%|0|-0.25|0.75|||
||Public Engagement and Awareness Strengthened||||||||||
||    Number of Local forums held||7||4|0|-3|0.5714285714285714|||
||    Number of media briefings held||24||13|0|-11|0.5416666666666666|||
||    Number of Municipal campaigns conducted||12||7|0|-5|0.5833333333333334|||
||ICT Systems and Infrastructure Optimized||||||||||
||    Percentage of ICT infrastructure maintained||100%||60%|0|-0.4|0.6|||
||    Number of Enterprise Resource Planning System operationalized||1||0|0|-1|0|||
||Financial Management and Reporting Strengthened||||||||||
||    Number of Financial Statements prepared||1||0|0|-1|0|||
||    Number of annual budgets prepared||1||0|0|-1|0|||
||    Percentage of council debt liquidated||8%||5%|0|-0.03|0.625|||
||Budget Performance and Accountability Monitored||||||||||
||    Number of budget performance reports produced||4||1|0|-3|0.25|||
||    Number of budget stakeholder meetings held||16||4|0|-12|0.25|||
||Land and Property Administration Strengthened||||||||||
||    Number of Title Deeds prepared||150||72|0|-78|0.48|||
||    Number of Offer letters processed||10||25|0|15|2.5|||
||    Number of change of ownership documents processed||500||310|0|-190|0.62|||
||Licensing and Compliance Services Strengthened||||||||||
||    Number of business levies issued||50000||20971|0|-29029|0.41942|||
||    Number of occupancy licenses prepared||300||169|0|-131|0.5633333333333334|||
||    Number of liquor licenses issued||1000||25|0|-975|0.025|||
||Procurement Processes Managed||||||||||
||    Number of Procurement Plans developed||1||1|0|0|1|||
||    Percentage of tenders advertised and awarded||100%||74%|0|-0.26|0.74|||
||Audit and Compliance Strengthened||||||||||
||    Number of audit reports prepared||4||2|0|-2|0.5|||
||    Percentage of audit recommendations actioned||100%||25%|0|-0.75|0.25|||
||Resource Mobilization and Management|66289638||28316846.28||-37972791.72|||||
||Key Output / Output Indicator|Annual Budget|Target 2026|Actual Expenditure (n/a by indicator)|Actual 2026|Actual 2026|Actual 2026|Actual 2026|||
||Revenue Collection Strengthened||||||||||
||    Proportion of budgeted revenue collected (OSR)||100%||73%|0|-0.27|0.73|||
||    Number of revenue check points manned (markets and parking areas)||94||94|0|0|1|||
||Valuation Roll Updated||||||||||
||    Percentage of valuation roll updated||100%||65%|0|-0.35|0.65|||
||District Health Services|25141072||1456622||-23684450|||||
||Key Output / Output Indicator|Annual Budget|Target 2026|Actual Expenditure (n/a by indicator)|Actual 2026|Actual 2026|Actual 2026|Actual 2026|||
||Childhood Immunization Services Provided||||||||||
||    Percentage of children under one year fully vaccinated||90%||79.67%|0|-0.10330000000000006|0.8852222222222221|||
||Maternal and Child Health Care Services Provided||||||||||
||    Percentage of pregnant women receiving at least one antenatal care (ANC) visit||90%||67.59%|0|-0.22410000000000008|0.7509999999999999|||
||Reproductive and Maternal Health Services Provided||||||||||
||    Percentage of deliveries conducted in health facilities under skilled supervision||87%||98.67%|0|0.11670000000000003|1.1341379310344828|||
||    Number of new family planning acceptors recorded||2000||38.12%|0|-1999.6188|0.0001906|||
||Malaria Prevention and Case Management Services Provided||||||||||
||    Percentage of malaria inpatients who died due to malaria||0%||13%|0|0.13|0|||
||HIV Prevention, Testing, and Treatment Services Provided||||||||||
||    Percentage of people living with HIV aware of their HIV status||95%||||||||
||    Percentage of newly diagnosed HIV-positive individuals initiated on ART||95%||93.13%|0|-0.01869999999999994|0.9803157894736843|||
||Nutrition Services Provided||||||||||
||    Number of health facilities with functional nutrition equipment and tools||65||80|0|15|1.2307692307692308|||
||Clean Water Supply and Sanitation Services Provided to Health Facilities||||||||||
||    Number of health facilities with adequate clean and safe water supply||66||66|0|0|1|||
||    Number of health facilities with functional waterborne toilet facilities||66||50|0|-16|0.7575757575757576|||
||Environmental Health Services Conducted||||||||||
||    Number of premises inspected and found compliant with public health standards||36250||15427|0|-20823|0.42557241379310345|||
||    Number of epidemic preparedness meetings conducted||4||0|0|-4|0|||
||Health Promotion and Behavior Change Services Provided||||||||||
||    Number of people reached through health education activities||2000000||1300000|0|-700000|0.65|||
||    Number of social and behavior change (SBC) materials distributed||70000||140000|0|70000|2|||
||Community Engagement Strengthened||||||||||
||    Number of stakeholder meetings held||2||0|0|-2|0|||
||Referral System Strengthened||||||||||
||    Percentage of cases referred||100%||0|0|-1|0|||
||Transport Services|6351370||1296245||-5055125|||||
||Key Output / Output Indicator|Annual Budget|Target 2026|Actual Expenditure (n/a by indicator)|Actual 2026|Actual 2026|Actual 2026|Actual 2026|||
||Road Infrastructure Developed||||||||||
||    Number of Road Signages installed||60||96|0|36|1.6|||
||    Kilometers of Road Markings painted||2||6|0|4|3|||
||    Kilometers of drainage constructed||2||1|0|-1|0.5|||
||    Kilometers of drainage rehabilitated||2||2|0|0|1|||
||    Kilometers of township roads rehabilitated||2||0|0|-2|0|||
||    Number of Street Lights installed||40||90|0|50|2.25|||
||Agricultural Services|430000||205988||-224012|||||
||Key Output / Output Indicator|Annual Budget|Target 2026|Actual Expenditure (n/a by indicator)|Actual 2026|Actual 2026|Actual 2026|Actual 2026|||
||Farmers and Extension Officers Trained||||||||||
||    Number of farmers trained||500||3499|0|2999|6.998|||
||    Number of extension officers trained||500||40|0|-460|0.08|||
||Crop Monitoring Conducted||||||||||
||    Number of crop monitoring inspections conducted||32||80|0|48|2.5|||
||Agricultural Information Disseminated||||||||||
||    Percentage of agricultural information disseminated||100%||45%|0|-0.55|0.45|||
||Agricultural Show Exhibitions Conducted||||||||||
||    Number of shows participated||2||1|0|-1|0.5|||
||Entrepreneurship Development Promoted||||||||||
||    Number of entrepreneurship trainings conducted||5||0|0|-5|0|||
||Farmer Registration Facilitated||||||||||
||    Number of farmers registered on ZIAMIS||500||420|0|-80|0.84|||
||Monitoring & Evaluation of Agricultural Programmes Conducted||||||||||
||    Number of Monitoring & Evaluation reports produced||4||2|0|-2|0.5|||
||Fisheries and Livestock|602667||349713||-252954|||||
||Key Output / Output Indicator|Annual Budget|Target 2026|Actual Expenditure (n/a by indicator)|Actual 2026|Actual 2026|Actual 2026|Actual 2026|||
||Market access and entrepreneurship strengthened||||||||||
||    Number of entrepreneurs trained||100||41|0|-59|0.41|||
||Livestock Health and Disease Control Improved||||||||||
||    Number of disease surveillance conducted||500||203|0|-297|0.406|||
||    Number of stock movement permits issued||3800||1438|0|-2362|0.37842105263157894|||
||    Number of export permits issued||3500||1987|0|-1513|0.5677142857142857|||
||    Number of extension visits conducted||36||7|0|-29|0.19444444444444445|||
||Capture Fisheries Productivity Improved||||||||||
||    Number of surveillance and law enforcement operations conducted||4||3|0|-1|0.75|||
||Aquaculture Productivity Improved||||||||||
||    Number of sustainable fisheries practices promoted||48||23|0|-25|0.4791666666666667|||
||Livestock Production Increased||||||||||
||    Number of extension visits conducted||62||32|0|-30|0.5161290322580645|||
||    Number of extension trainings and demonstrations conducted||9||4|0|-5|0.4444444444444444|||
||Social Protection and Community Development|60244398||46862872.14||-13381525.86|||||
||Key Output / Output Indicator|Annual Budget|Target 2026|Actual Expenditure (n/a by indicator)|Actual 2026|Actual 2026|Actual 2026|Actual 2026|||
||Cash for Work Programme Implemented||||||||||
||    Number of Cash for Work beneficiaries supported||15379||0|0|-15379|0|||
||    Amount of Cash for Work funds disbursed (ZMW)||59563160||46862872|0|-12700288|0.7867761213474906|||
||Welfare Services Provided||||||||||
||    Number of households supported||25||||||||
||TOTAL — ALL PROGRAMMES|1151994693||374546580.16999996||-777448112.83||0.32512873752448784|||
